,object,n_pos,n_neg,succ_r
0,kit_BakingSoda,290,95,0.7532467532467533
1,kit_BathDetergent,94,226,0.29375
2,kit_InstantSauce,235,130,0.6438356164383562
3,kit_Sprayflask,183,171,0.5169491525423728
